{
    "_id": "ArtemTrader",
    "customization_seller": false,
    "working": true,
    "availableInRaid": false,
    "items_buy": {
        "category": [
        "5422acb9af1c889c16000029",
        "5485a8684bdc2da71d8b4567",
        "5448fe124bdc2da5018b4567",
        "57864a66245977548f04a81f",
        "57864ee62459775490116fc1",
        "57864bb7245977548b3b66c2",
        "5c164d2286f774194c5e69fa",
        "5447e0e74bdc2d3c308b4567",
        "543be5f84bdc2dd4348b456a",
        "5795f317245977243854e041",
        "5448e5284bdc2dcb718b4567",
        "5448e53e4bdc2d60728b4567",
        "616eb7aea207f41933308f46"
      ],
      "id_list": [
    ]},
    "items_buy_prohibited": {
        "category": [],
        "id_list": [
          "62e910aaf957f2915e0a5e36"
        ]
    },
    "name": "Artem",
    "surname": "",
    "nickname": "Artem",
    "location": "[REDACTED]",
    "description": "[REDACTED]",
    "avatar": "/files/trader/avatar/artem.jpg",
    "balance_rub": 80000000,
    "balance_dol": 0,
    "balance_eur": 0,
    "unlockedByDefault": true,
    "discount": 0,
    "discount_end": 0,
    "buyer_up": false,
    "currency": "RUB",
    "nextResupply": 1631489044,
    "repair": {
        "availability": false
    },
    "insurance": {
        "availability": false
    },
    "medic": false,
    "gridHeight": 160,
    "loyaltyLevels": [
        {
            "minLevel": 1,
            "minSalesSum": 0,
            "minStanding": 0,
            "buy_price_coef": 44,
            "repair_price_coef": 175,
            "insurance_price_coef": 10,
            "exchange_price_coef": 0,
            "heal_price_coef": 0
        },
        {
            "minLevel": 20,
            "minSalesSum": 600000,
            "minStanding": 0.2,
            "buy_price_coef": 44,
            "repair_price_coef": "180",
            "insurance_price_coef": "12",
            "exchange_price_coef": 0,
            "heal_price_coef": 0
        },
        {
            "minLevel": 30,
            "minSalesSum": 2000000,
            "minStanding": 0.45,
            "buy_price_coef": 44,
            "repair_price_coef": "185",
            "insurance_price_coef": "14",
            "exchange_price_coef": 0,
            "heal_price_coef": 0
        },
        {
            "minLevel": 35,
            "minSalesSum": 3500000,
            "minStanding": 0.50,
            "buy_price_coef": 44,
            "repair_price_coef": "195",
            "insurance_price_coef": "16",
            "exchange_price_coef": 0,
            "heal_price_coef": 0
        }
    ],
    "sell_category": [
        "5b5f78dc86f77409407a7f8e",
        "5b5f71b386f774093f2ecf11",
        "5b5f71c186f77409407a7ec0",
        "5b5f71de86f774093f2ecf13",
        "5b5f724186f77447ed5636ad",
        "5b5f736886f774094242f193",
        "5b5f73ec86f774093e6cb4fd",
        "5b5f74cc86f77447ec5d770a",
        "5b5f750686f774093e6cb503",
        "5b5f751486f77447ec5d770c",
        "5b5f752e86f774093e6cb505",
        "5b5f754a86f774094242f19b",
        "5b5f755f86f77447ec5d770e",
        "5b5f757486f774093e6cb507",
        "5b5f75b986f77447ec5d7710",
        "5b5f75c686f774094242f19f",
        "5b5f75e486f77447ec5d7712",
        "5b5f760586f774093e6cb509",
        "5b5f761f86f774094242f1a1",
        "5b5f764186f77447ec5d7714",
        "5b47574386f77428ca22b33e",
        "5b47574386f77428ca22b341",
        "5b47574386f77428ca22b345",
        "5b47574386f77428ca22b2ef",
        "5b47574386f77428ca22b343",
        "5b47574386f77428ca22b33f"
      ]
}